Type,Name,Request Count,Failure Count,Median Response Time,Average Response Time,Min Response Time,Max Response Time,Average Content Size,Requests/s,Failures/s,50%,66%,75%,80%,90%,95%,98%,99%,99.9%,99.99%,100%
POST,/api/v1/generate,7202,7202,60,69.5317743323756,47.10845400404651,1445.7521649892442,88.38517078589281,12.020117864523476,12.020117864523476,60,66,69,70,74,80,140,290,1200,1400,1400
GET,/api/v1/models,2357,2189,60,69.28482802088533,47.68705100286752,1239.0646980056772,79.86805260924905,3.9338264102585163,3.6534348799558303,60,66,69,71,74,79,150,310,870,1200,1200
GET,/health,4807,0,59,68.10963590436225,45.82352199940942,1315.6940770131769,156.0,8.022869560506019,0.0,59,65,68,69,73,78,130,300,1100,1300,1300
,Aggregated,14366,9391,60,69.01539733950057,45.82352199940942,1445.7521649892442,109.61234860086314,23.976813835288013,15.673552744479306,60,66,69,70,74,79,150,300,1100,1300,1400
